{
  "Name": "Categories",
  "SubLists": [
    {
      "CanonicalForm": "Components",
      "List": [ "Components" ]
    },
    {
      "CanonicalForm": "Accessories",
      "List": [ "Accessories" ]
    },
    {
      "CanonicalForm": "Tires and Tubes",
      "List": [ "Tires", "Tubes", "Tire", "Tube" ]
    },
    {
      "CanonicalForm": "Saddles",
      "List": [ "Saddles", "Saddle", "Seat" ]
    },
    {
      "CanonicalForm": "Handlebars",
      "List": [ "Handlebars", "Handlebar" ]
    },
    {
      "CanonicalForm": "Clothing",
      "List": [ "Clothing", "Clothes" ]
    },
    {
      "CanonicalForm": "Pedals",
      "List": [ "Pedals", "Pedal" ]
    },
    {
      "CanonicalForm": "Road Bikes",
      "List": [ "Road Bikes", "Road Bike" ]
    },
    {
      "CanonicalForm": "Bottles and Cages",
      "List": [ "Bottles", "Cages", "Bottle", "Cage" ]
    },
    {
      "CanonicalForm": "Bottom Brackets",
      "List": [ "Bottom Brackets", "Bottom Bracket", "Bracket", "Brackets" ]
    },
    {
      "CanonicalForm": "Cranksets",
      "List": [ "Cranksets", "Crankset" ]
    },
    {
      "CanonicalForm": "Mountain Bikes",
      "List": [ "Mountain Bikes", "Mountain Bike" ]
    },
    {
      "CanonicalForm": "Mountain Frames",
      "List": [ "Mountain Frames", "Mountain Frame" ]
    },
    {
      "CanonicalForm": "Road Frames",
      "List": [ "Road Frames", "Road Frame" ]
    },
    {
      "CanonicalForm": "Touring Bikes",
      "List": [ "Touring Bikes", "Touring Bike" ]
    },
    {
      "CanonicalForm": "Brakes",
      "List": [ "Brakes", "Brake" ]
    },
    {
      "CanonicalForm": "Derailleurs",
      "List": [ "Derailleurs", "Derailleur" ]
    },
    {
      "CanonicalForm": "Jerseys",
      "List": [ "Jerseys", "Jersey" ]
    },
    {
      "CanonicalForm": "Touring Frames",
      "List": [ "Touring Frames", "Touring Frame" ]
    },
    {
      "CanonicalForm": "Bike Racks",
      "List": [ "Bike Racks", "Bike Rack", "Rack" ]
    },
    {
      "CanonicalForm": "Bike Stands",
      "List": [ "Bike Stands", "Bike Stand", "Stand" ]
    },
    {
      "CanonicalForm": "Caps",
      "List": [ "Caps", "Cap", "Hats", "Hat" ]
    },
    {
      "CanonicalForm": "Chains",
      "List": [ "Chains", "Chain" ]
    },
    {
      "CanonicalForm": "Cleaners",
      "List": [ "Cleaners", "Cleaner", "Cleaning" ]
    },
    {
      "CanonicalForm": "Fenders",
      "List": [ "Fenders", "Fender" ]
    },
    {
      "CanonicalForm": "Gloves",
      "List": [ "Gloves", "Glove" ]
    },
    {
      "CanonicalForm": "Helmets",
      "List": [ "Helmets", "Helmet" ]
    },
    {
      "CanonicalForm": "Hydration Packs",
      "List": [ "Hydration Packs", "Hydration Pack" ]
    },
    {
      "CanonicalForm": "Shorts",
      "List": [ "Shorts" ]
    },
    {
      "CanonicalForm": "Socks",
      "List": [ "Socks" ]
    },
    {
      "CanonicalForm": "Vests",
      "List": [ "Vests", "Vest" ]
    }
  ]
}